{"root":[{"assemblyName":"Unity.2D.Animation.Runtime","nameSpace":"UnityEngine.U2D.Animation","className":"GpuDeformationSystem","methodName":"CreateFallbackBuffer","loadTypes":0,"isUnityClass":true},{"assemblyName":"Unity.2D.Animation.Runtime","nameSpace":"","className":"__JobReflectionRegistrationOutput__12640072059193112690","methodName":"EarlyInit","loadTypes":2,"isUnityClass":true},{"assemblyName":"Unity.2D.Animation.Runtime","nameSpace":"","className":"$BurstDirectCallInitializer","methodName":"Initialize","loadTypes":2,"isUnityClass":true},{"assemblyName":"Unity.2D.SpriteShape.Runtime","nameSpace":"","className":"$BurstDirectCallInitializer","methodName":"Initialize","loadTypes":2,"isUnityClass":true},{"assemblyName":"Unity.Collections","nameSpace":"","className":"__JobReflectionRegistrationOutput__1652832624114795843","methodName":"EarlyInit","loadTypes":2,"isUnityClass":true},{"assemblyName":"Unity.Collections","nameSpace":"","className":"$BurstDirectCallInitializer","methodName":"Initialize","loadTypes":2,"isUnityClass":true},{"assemblyName":"Unity.InputSystem","nameSpace":"UnityEngine.InputSystem","className":"InputSystem","methodName":"RunInitializeInPlayer","loadTypes":4,"isUnityClass":true},{"assemblyName":"Unity.InputSystem","nameSpace":"UnityEngine.InputSystem","className":"InputSystem","methodName":"RunInitialUpdate","loadTypes":1,"isUnityClass":true},{"assemblyName":"Unity.InputSystem.ForUI","nameSpace":"UnityEngine.InputSystem.Plugins.InputForUI","className":"InputSystemProvider","methodName":"Bootstrap","loadTypes":4,"isUnityClass":true},{"assemblyName":"Unity.Rendering.LightTransport.Runtime","nameSpace":"","className":"__JobReflectionRegistrationOutput__16164947281921951637","methodName":"EarlyInit","loadTypes":2,"isUnityClass":true},{"assemblyName":"Unity.RenderPipelines.Core.Runtime","nameSpace":"UnityEngine.Experimental.Rendering","className":"XRSystem","methodName":"XRSystemInit","loadTypes":3,"isUnityClass":true},{"assemblyName":"Unity.RenderPipelines.Core.Runtime","nameSpace":"UnityEngine.Rendering","className":"DebugUpdater","methodName":"RuntimeInit","loadTypes":0,"isUnityClass":true},{"assemblyName":"Unity.RenderPipelines.GPUDriven.Runtime","nameSpace":"","className":"__JobReflectionRegistrationOutput__15867191014387474753","methodName":"EarlyInit","loadTypes":2,"isUnityClass":true},{"assemblyName":"Unity.RenderPipelines.Universal.2D.Runtime","nameSpace":"","className":"$BurstDirectCallInitializer","methodName":"Initialize","loadTypes":2,"isUnityClass":true},{"assemblyName":"Unity.Robotics.ROSTCPConnector.Messages","nameSpace":"RosMessageTypes.Tf2","className":"LookupTransformFeedback","methodName":"Register","loadTypes":0,"isUnityClass":true},{"assemblyName":"Unity.Robotics.ROSTCPConnector.Messages","nameSpace":"RosMessageTypes.Tf2","className":"LookupTransformGoal","methodName":"Register","loadTypes":0,"isUnityClass":true},{"assemblyName":"Unity.Robotics.ROSTCPConnector.Messages","nameSpace":"RosMessageTypes.Tf2","className":"LookupTransformResult","methodName":"Register","loadTypes":0,"isUnityClass":true},{"assemblyName":"Unity.Robotics.ROSTCPConnector.Messages","nameSpace":"RosMessageTypes.Tf2","className":"TF2ErrorMsg","methodName":"Register","loadTypes":0,"isUnityClass":true},{"assemblyName":"Unity.Robotics.ROSTCPConnector.Messages","nameSpace":"RosMessageTypes.Tf2","className":"TFMessageMsg","methodName":"Register","loadTypes":0,"isUnityClass":true},{"assemblyName":"Unity.Robotics.ROSTCPConnector.Messages","nameSpace":"RosMessageTypes.Tf2","className":"FrameGraphRequest","methodName":"Register","loadTypes":0,"isUnityClass":true},{"assemblyName":"Unity.Robotics.ROSTCPConnector.Messages","nameSpace":"RosMessageTypes.Tf2","className":"FrameGraphResponse","methodName":"Register","loadTypes":0,"isUnityClass":true},{"assemblyName":"Unity.Robotics.ROSTCPConnector.Messages","nameSpace":"RosMessageTypes.Rosgraph","className":"ClockMsg","methodName":"Register","loadTypes":0,"isUnityClass":true},{"assemblyName":"Unity.Robotics.ROSTCPConnector.Messages","nameSpace":"RosMessageTypes.Rosgraph","className":"LogMsg","methodName":"Register","loadTypes":0,"isUnityClass":true},{"assemblyName":"Unity.Robotics.ROSTCPConnector.Messages","nameSpace":"RosMessageTypes.Rosgraph","className":"TopicStatisticsMsg","methodName":"Register","loadTypes":0,"isUnityClass":true},{"assemblyName":"Unity.Robotics.ROSTCPConnector.Messages","nameSpace":"RosMessageTypes.Visualization","className":"ImageMarkerMsg","methodName":"Register","loadTypes":0,"isUnityClass":true},{"assemblyName":"Unity.Robotics.ROSTCPConnector.Messages","nameSpace":"RosMessageTypes.Visualization","className":"InteractiveMarkerMsg","methodName":"Register","loadTypes":0,"isUnityClass":true},{"assemblyName":"Unity.Robotics.ROSTCPConnector.Messages","nameSpace":"RosMessageTypes.Visualization","className":"InteractiveMarkerControlMsg","methodName":"Register","loadTypes":0,"isUnityClass":true},{"assemblyName":"Unity.Robotics.ROSTCPConnector.Messages","nameSpace":"RosMessageTypes.Visualization","className":"InteractiveMarkerFeedbackMsg","methodName":"Register","loadTypes":0,"isUnityClass":true},{"assemblyName":"Unity.Robotics.ROSTCPConnector.Messages","nameSpace":"RosMessageTypes.Visualization","className":"InteractiveMarkerInitMsg","methodName":"Register","loadTypes":0,"isUnityClass":true},{"assemblyName":"Unity.Robotics.ROSTCPConnector.Messages","nameSpace":"RosMessageTypes.Visualization","className":"InteractiveMarkerPoseMsg","methodName":"Register","loadTypes":0,"isUnityClass":true},{"assemblyName":"Unity.Robotics.ROSTCPConnector.Messages","nameSpace":"RosMessageTypes.Visualization","className":"InteractiveMarkerUpdateMsg","methodName":"Register","loadTypes":0,"isUnityClass":true},{"assemblyName":"Unity.Robotics.ROSTCPConnector.Messages","nameSpace":"RosMessageTypes.Visualization","className":"MarkerMsg","methodName":"Register","loadTypes":0,"isUnityClass":true},{"assemblyName":"Unity.Robotics.ROSTCPConnector.Messages","nameSpace":"RosMessageTypes.Visualization","className":"MarkerArrayMsg","methodName":"Register","loadTypes":0,"isUnityClass":true},{"assemblyName":"Unity.Robotics.ROSTCPConnector.Messages","nameSpace":"RosMessageTypes.Visualization","className":"MenuEntryMsg","methodName":"Register","loadTypes":0,"isUnityClass":true},{"assemblyName":"Unity.Robotics.ROSTCPConnector.Messages","nameSpace":"RosMessageTypes.Visualization","className":"GetInteractiveMarkersRequest","methodName":"Register","loadTypes":0,"isUnityClass":true},{"assemblyName":"Unity.Robotics.ROSTCPConnector.Messages","nameSpace":"RosMessageTypes.Visualization","className":"GetInteractiveMarkersResponse","methodName":"Register","loadTypes":0,"isUnityClass":true},{"assemblyName":"Unity.Robotics.ROSTCPConnector.Messages","nameSpace":"RosMessageTypes.Trajectory","className":"JointTrajectoryMsg","methodName":"Register","loadTypes":0,"isUnityClass":true},{"assemblyName":"Unity.Robotics.ROSTCPConnector.Messages","nameSpace":"RosMessageTypes.Trajectory","className":"JointTrajectoryPointMsg","methodName":"Register","loadTypes":0,"isUnityClass":true},{"assemblyName":"Unity.Robotics.ROSTCPConnector.Messages","nameSpace":"RosMessageTypes.Trajectory","className":"MultiDOFJointTrajectoryMsg","methodName":"Register","loadTypes":0,"isUnityClass":true},{"assemblyName":"Unity.Robotics.ROSTCPConnector.Messages","nameSpace":"RosMessageTypes.Trajectory","className":"MultiDOFJointTrajectoryPointMsg","methodName":"Register","loadTypes":0,"isUnityClass":true},{"assemblyName":"Unity.Robotics.ROSTCPConnector.Messages","nameSpace":"RosMessageTypes.Stereo","className":"DisparityImageMsg","methodName":"Register","loadTypes":0,"isUnityClass":true},{"assemblyName":"Unity.Robotics.ROSTCPConnector.Messages","nameSpace":"RosMessageTypes.Shape","className":"MeshMsg","methodName":"Register","loadTypes":0,"isUnityClass":true},{"assemblyName":"Unity.Robotics.ROSTCPConnector.Messages","nameSpace":"RosMessageTypes.Shape","className":"MeshTriangleMsg","methodName":"Register","loadTypes":0,"isUnityClass":true},{"assemblyName":"Unity.Robotics.ROSTCPConnector.Messages","nameSpace":"RosMessageTypes.Shape","className":"PlaneMsg","methodName":"Register","loadTypes":0,"isUnityClass":true},{"assemblyName":"Unity.Robotics.ROSTCPConnector.Messages","nameSpace":"RosMessageTypes.Shape","className":"SolidPrimitiveMsg","methodName":"Register","loadTypes":0,"isUnityClass":true},{"assemblyName":"Unity.Robotics.ROSTCPConnector.Messages","nameSpace":"RosMessageTypes.Octomap","className":"OctomapMsg","methodName":"Register","loadTypes":0,"isUnityClass":true},{"assemblyName":"Unity.Robotics.ROSTCPConnector.Messages","nameSpace":"RosMessageTypes.Octomap","className":"OctomapWithPoseMsg","methodName":"Register","loadTypes":0,"isUnityClass":true},{"assemblyName":"Unity.Robotics.ROSTCPConnector.Messages","nameSpace":"RosMessageTypes.Octomap","className":"BoundingBoxQueryRequest","methodName":"Register","loadTypes":0,"isUnityClass":true},{"assemblyName":"Unity.Robotics.ROSTCPConnector.Messages","nameSpace":"RosMessageTypes.Octomap","className":"BoundingBoxQueryResponse","methodName":"Register","loadTypes":0,"isUnityClass":true},{"assemblyName":"Unity.Robotics.ROSTCPConnector.Messages","nameSpace":"RosMessageTypes.Octomap","className":"GetOctomapRequest","methodName":"Register","loadTypes":0,"isUnityClass":true},{"assemblyName":"Unity.Robotics.ROSTCPConnector.Messages","nameSpace":"RosMessageTypes.Octomap","className":"GetOctomapResponse","methodName":"Register","loadTypes":0,"isUnityClass":true},{"assemblyName":"Unity.Robotics.ROSTCPConnector.Messages","nameSpace":"RosMessageTypes.ObjectRecognition","className":"ObjectRecognitionFeedback","methodName":"Register","loadTypes":0,"isUnityClass":true},{"assemblyName":"Unity.Robotics.ROSTCPConnector.Messages","nameSpace":"RosMessageTypes.ObjectRecognition","className":"ObjectRecognitionGoal","methodName":"Register","loadTypes":0,"isUnityClass":true},{"assemblyName":"Unity.Robotics.ROSTCPConnector.Messages","nameSpace":"RosMessageTypes.ObjectRecognition","className":"ObjectRecognitionResult","methodName":"Register","loadTypes":0,"isUnityClass":true},{"assemblyName":"Unity.Robotics.ROSTCPConnector.Messages","nameSpace":"RosMessageTypes.ObjectRecognition","className":"ObjectInformationMsg","methodName":"Register","loadTypes":0,"isUnityClass":true},{"assemblyName":"Unity.Robotics.ROSTCPConnector.Messages","nameSpace":"RosMessageTypes.ObjectRecognition","className":"ObjectTypeMsg","methodName":"Register","loadTypes":0,"isUnityClass":true},{"assemblyName":"Unity.Robotics.ROSTCPConnector.Messages","nameSpace":"RosMessageTypes.ObjectRecognition","className":"RecognizedObjectMsg","methodName":"Register","loadTypes":0,"isUnityClass":true},{"assemblyName":"Unity.Robotics.ROSTCPConnector.Messages","nameSpace":"RosMessageTypes.ObjectRecognition","className":"RecognizedObjectArrayMsg","methodName":"Register","loadTypes":0,"isUnityClass":true},{"assemblyName":"Unity.Robotics.ROSTCPConnector.Messages","nameSpace":"RosMessageTypes.ObjectRecognition","className":"TableMsg","methodName":"Register","loadTypes":0,"isUnityClass":true},{"assemblyName":"Unity.Robotics.ROSTCPConnector.Messages","nameSpace":"RosMessageTypes.ObjectRecognition","className":"TableArrayMsg","methodName":"Register","loadTypes":0,"isUnityClass":true},{"assemblyName":"Unity.Robotics.ROSTCPConnector.Messages","nameSpace":"RosMessageTypes.ObjectRecognition","className":"GetObjectInformationRequest","methodName":"Register","loadTypes":0,"isUnityClass":true},{"assemblyName":"Unity.Robotics.ROSTCPConnector.Messages","nameSpace":"RosMessageTypes.ObjectRecognition","className":"GetObjectInformationResponse","methodName":"Register","loadTypes":0,"isUnityClass":true},{"assemblyName":"Unity.Robotics.ROSTCPConnector.Messages","nameSpace":"RosMessageTypes.Nav","className":"GetMapFeedback","methodName":"Register","loadTypes":0,"isUnityClass":true},{"assemblyName":"Unity.Robotics.ROSTCPConnector.Messages","nameSpace":"RosMessageTypes.Nav","className":"GetMapGoal","methodName":"Register","loadTypes":0,"isUnityClass":true},{"assemblyName":"Unity.Robotics.ROSTCPConnector.Messages","nameSpace":"RosMessageTypes.Nav","className":"GetMapResult","methodName":"Register","loadTypes":0,"isUnityClass":true},{"assemblyName":"Unity.Robotics.ROSTCPConnector.Messages","nameSpace":"RosMessageTypes.Nav","className":"GridCellsMsg","methodName":"Register","loadTypes":0,"isUnityClass":true},{"assemblyName":"Unity.Robotics.ROSTCPConnector.Messages","nameSpace":"RosMessageTypes.Nav","className":"MapMetaDataMsg","methodName":"Register","loadTypes":0,"isUnityClass":true},{"assemblyName":"Unity.Robotics.ROSTCPConnector.Messages","nameSpace":"RosMessageTypes.Nav","className":"OccupancyGridMsg","methodName":"Register","loadTypes":0,"isUnityClass":true},{"assemblyName":"Unity.Robotics.ROSTCPConnector.Messages","nameSpace":"RosMessageTypes.Nav","className":"OdometryMsg","methodName":"Register","loadTypes":0,"isUnityClass":true},{"assemblyName":"Unity.Robotics.ROSTCPConnector.Messages","nameSpace":"RosMessageTypes.Nav","className":"PathMsg","methodName":"Register","loadTypes":0,"isUnityClass":true},{"assemblyName":"Unity.Robotics.ROSTCPConnector.Messages","nameSpace":"RosMessageTypes.Nav","className":"GetMapRequest","methodName":"Register","loadTypes":0,"isUnityClass":true},{"assemblyName":"Unity.Robotics.ROSTCPConnector.Messages","nameSpace":"RosMessageTypes.Nav","className":"GetMapResponse","methodName":"Register","loadTypes":0,"isUnityClass":true},{"assemblyName":"Unity.Robotics.ROSTCPConnector.Messages","nameSpace":"RosMessageTypes.Nav","className":"GetPlanRequest","methodName":"Register","loadTypes":0,"isUnityClass":true},{"assemblyName":"Unity.Robotics.ROSTCPConnector.Messages","nameSpace":"RosMessageTypes.Nav","className":"GetPlanResponse","methodName":"Register","loadTypes":0,"isUnityClass":true},{"assemblyName":"Unity.Robotics.ROSTCPConnector.Messages","nameSpace":"RosMessageTypes.Nav","className":"LoadMapRequest","methodName":"Register","loadTypes":0,"isUnityClass":true},{"assemblyName":"Unity.Robotics.ROSTCPConnector.Messages","nameSpace":"RosMessageTypes.Nav","className":"LoadMapResponse","methodName":"Register","loadTypes":0,"isUnityClass":true},{"assemblyName":"Unity.Robotics.ROSTCPConnector.Messages","nameSpace":"RosMessageTypes.Nav","className":"SetMapRequest","methodName":"Register","loadTypes":0,"isUnityClass":true},{"assemblyName":"Unity.Robotics.ROSTCPConnector.Messages","nameSpace":"RosMessageTypes.Nav","className":"SetMapResponse","methodName":"Register","loadTypes":0,"isUnityClass":true},{"assemblyName":"Unity.Robotics.ROSTCPConnector.Messages","nameSpace":"RosMessageTypes.Std","className":"HeaderMsg","methodName":"Register","loadTypes":0,"isUnityClass":true},{"assemblyName":"Unity.Robotics.ROSTCPConnector.Messages","nameSpace":"RosMessageTypes.Std","className":"BoolMsg","methodName":"Register","loadTypes":0,"isUnityClass":true},{"assemblyName":"Unity.Robotics.ROSTCPConnector.Messages","nameSpace":"RosMessageTypes.Std","className":"ByteMsg","methodName":"Register","loadTypes":0,"isUnityClass":true},{"assemblyName":"Unity.Robotics.ROSTCPConnector.Messages","nameSpace":"RosMessageTypes.Std","className":"ByteMultiArrayMsg","methodName":"Register","loadTypes":0,"isUnityClass":true},{"assemblyName":"Unity.Robotics.ROSTCPConnector.Messages","nameSpace":"RosMessageTypes.Std","className":"CharMsg","methodName":"Register","loadTypes":0,"isUnityClass":true},{"assemblyName":"Unity.Robotics.ROSTCPConnector.Messages","nameSpace":"RosMessageTypes.Std","className":"ColorRGBAMsg","methodName":"Register","loadTypes":0,"isUnityClass":true},{"assemblyName":"Unity.Robotics.ROSTCPConnector.Messages","nameSpace":"RosMessageTypes.BuiltinInterfaces","className":"DurationMsg","methodName":"Register","loadTypes":0,"isUnityClass":true},{"assemblyName":"Unity.Robotics.ROSTCPConnector.Messages","nameSpace":"RosMessageTypes.Std","className":"EmptyMsg","methodName":"Register","loadTypes":0,"isUnityClass":true},{"assemblyName":"Unity.Robotics.ROSTCPConnector.Messages","nameSpace":"RosMessageTypes.Std","className":"Float32Msg","methodName":"Register","loadTypes":0,"isUnityClass":true},{"assemblyName":"Unity.Robotics.ROSTCPConnector.Messages","nameSpace":"RosMessageTypes.Std","className":"Float32MultiArrayMsg","methodName":"Register","loadTypes":0,"isUnityClass":true},{"assemblyName":"Unity.Robotics.ROSTCPConnector.Messages","nameSpace":"RosMessageTypes.Std","className":"Float64Msg","methodName":"Register","loadTypes":0,"isUnityClass":true},{"assemblyName":"Unity.Robotics.ROSTCPConnector.Messages","nameSpace":"RosMessageTypes.Std","className":"Float64MultiArrayMsg","methodName":"Register","loadTypes":0,"isUnityClass":true},{"assemblyName":"Unity.Robotics.ROSTCPConnector.Messages","nameSpace":"RosMessageTypes.Std","className":"Int16Msg","methodName":"Register","loadTypes":0,"isUnityClass":true},{"assemblyName":"Unity.Robotics.ROSTCPConnector.Messages","nameSpace":"RosMessageTypes.Std","className":"Int16MultiArrayMsg","methodName":"Register","loadTypes":0,"isUnityClass":true},{"assemblyName":"Unity.Robotics.ROSTCPConnector.Messages","nameSpace":"RosMessageTypes.Std","className":"Int32Msg","methodName":"Register","loadTypes":0,"isUnityClass":true},{"assemblyName":"Unity.Robotics.ROSTCPConnector.Messages","nameSpace":"RosMessageTypes.Std","className":"Int32MultiArrayMsg","methodName":"Register","loadTypes":0,"isUnityClass":true},{"assemblyName":"Unity.Robotics.ROSTCPConnector.Messages","nameSpace":"RosMessageTypes.Std","className":"Int64Msg","methodName":"Register","loadTypes":0,"isUnityClass":true},{"assemblyName":"Unity.Robotics.ROSTCPConnector.Messages","nameSpace":"RosMessageTypes.Std","className":"Int64MultiArrayMsg","methodName":"Register","loadTypes":0,"isUnityClass":true},{"assemblyName":"Unity.Robotics.ROSTCPConnector.Messages","nameSpace":"RosMessageTypes.Std","className":"Int8Msg","methodName":"Register","loadTypes":0,"isUnityClass":true},{"assemblyName":"Unity.Robotics.ROSTCPConnector.Messages","nameSpace":"RosMessageTypes.Std","className":"Int8MultiArrayMsg","methodName":"Register","loadTypes":0,"isUnityClass":true},{"assemblyName":"Unity.Robotics.ROSTCPConnector.Messages","nameSpace":"RosMessageTypes.Std","className":"MultiArrayDimensionMsg","methodName":"Register","loadTypes":0,"isUnityClass":true},{"assemblyName":"Unity.Robotics.ROSTCPConnector.Messages","nameSpace":"RosMessageTypes.Std","className":"MultiArrayLayoutMsg","methodName":"Register","loadTypes":0,"isUnityClass":true},{"assemblyName":"Unity.Robotics.ROSTCPConnector.Messages","nameSpace":"RosMessageTypes.Std","className":"StringMsg","methodName":"Register","loadTypes":0,"isUnityClass":true},{"assemblyName":"Unity.Robotics.ROSTCPConnector.Messages","nameSpace":"RosMessageTypes.BuiltinInterfaces","className":"TimeMsg","methodName":"Register","loadTypes":0,"isUnityClass":true},{"assemblyName":"Unity.Robotics.ROSTCPConnector.Messages","nameSpace":"RosMessageTypes.Std","className":"UInt16Msg","methodName":"Register","loadTypes":0,"isUnityClass":true},{"assemblyName":"Unity.Robotics.ROSTCPConnector.Messages","nameSpace":"RosMessageTypes.Std","className":"UInt16MultiArrayMsg","methodName":"Register","loadTypes":0,"isUnityClass":true},{"assemblyName":"Unity.Robotics.ROSTCPConnector.Messages","nameSpace":"RosMessageTypes.Std","className":"UInt32Msg","methodName":"Register","loadTypes":0,"isUnityClass":true},{"assemblyName":"Unity.Robotics.ROSTCPConnector.Messages","nameSpace":"RosMessageTypes.Std","className":"UInt32MultiArrayMsg","methodName":"Register","loadTypes":0,"isUnityClass":true},{"assemblyName":"Unity.Robotics.ROSTCPConnector.Messages","nameSpace":"RosMessageTypes.Std","className":"UInt64Msg","methodName":"Register","loadTypes":0,"isUnityClass":true},{"assemblyName":"Unity.Robotics.ROSTCPConnector.Messages","nameSpace":"RosMessageTypes.Std","className":"UInt64MultiArrayMsg","methodName":"Register","loadTypes":0,"isUnityClass":true},{"assemblyName":"Unity.Robotics.ROSTCPConnector.Messages","nameSpace":"RosMessageTypes.Std","className":"UInt8Msg","methodName":"Register","loadTypes":0,"isUnityClass":true},{"assemblyName":"Unity.Robotics.ROSTCPConnector.Messages","nameSpace":"RosMessageTypes.Std","className":"UInt8MultiArrayMsg","methodName":"Register","loadTypes":0,"isUnityClass":true},{"assemblyName":"Unity.Robotics.ROSTCPConnector.Messages","nameSpace":"RosMessageTypes.Std","className":"EmptyRequest","methodName":"Register","loadTypes":0,"isUnityClass":true},{"assemblyName":"Unity.Robotics.ROSTCPConnector.Messages","nameSpace":"RosMessageTypes.Std","className":"EmptyResponse","methodName":"Register","loadTypes":0,"isUnityClass":true},{"assemblyName":"Unity.Robotics.ROSTCPConnector.Messages","nameSpace":"RosMessageTypes.Std","className":"SetBoolRequest","methodName":"Register","loadTypes":0,"isUnityClass":true},{"assemblyName":"Unity.Robotics.ROSTCPConnector.Messages","nameSpace":"RosMessageTypes.Std","className":"SetBoolResponse","methodName":"Register","loadTypes":0,"isUnityClass":true},{"assemblyName":"Unity.Robotics.ROSTCPConnector.Messages","nameSpace":"RosMessageTypes.Std","className":"TriggerRequest","methodName":"Register","loadTypes":0,"isUnityClass":true},{"assemblyName":"Unity.Robotics.ROSTCPConnector.Messages","nameSpace":"RosMessageTypes.Std","className":"TriggerResponse","methodName":"Register","loadTypes":0,"isUnityClass":true},{"assemblyName":"Unity.Robotics.ROSTCPConnector.Messages","nameSpace":"RosMessageTypes.Sensor","className":"CameraInfoMsg","methodName":"Register","loadTypes":0,"isUnityClass":true},{"assemblyName":"Unity.Robotics.ROSTCPConnector.Messages","nameSpace":"RosMessageTypes.Sensor","className":"BatteryStateMsg","methodName":"Register","loadTypes":0,"isUnityClass":true},{"assemblyName":"Unity.Robotics.ROSTCPConnector.Messages","nameSpace":"RosMessageTypes.Sensor","className":"ChannelFloat32Msg","methodName":"Register","loadTypes":0,"isUnityClass":true},{"assemblyName":"Unity.Robotics.ROSTCPConnector.Messages","nameSpace":"RosMessageTypes.Sensor","className":"CompressedImageMsg","methodName":"Register","loadTypes":0,"isUnityClass":true},{"assemblyName":"Unity.Robotics.ROSTCPConnector.Messages","nameSpace":"RosMessageTypes.Sensor","className":"FluidPressureMsg","methodName":"Register","loadTypes":0,"isUnityClass":true},{"assemblyName":"Unity.Robotics.ROSTCPConnector.Messages","nameSpace":"RosMessageTypes.Sensor","className":"IlluminanceMsg","methodName":"Register","loadTypes":0,"isUnityClass":true},{"assemblyName":"Unity.Robotics.ROSTCPConnector.Messages","nameSpace":"RosMessageTypes.Sensor","className":"ImageMsg","methodName":"Register","loadTypes":0,"isUnityClass":true},{"assemblyName":"Unity.Robotics.ROSTCPConnector.Messages","nameSpace":"RosMessageTypes.Sensor","className":"ImuMsg","methodName":"Register","loadTypes":0,"isUnityClass":true},{"assemblyName":"Unity.Robotics.ROSTCPConnector.Messages","nameSpace":"RosMessageTypes.Sensor","className":"JointStateMsg","methodName":"Register","loadTypes":0,"isUnityClass":true},{"assemblyName":"Unity.Robotics.ROSTCPConnector.Messages","nameSpace":"RosMessageTypes.Sensor","className":"JoyMsg","methodName":"Register","loadTypes":0,"isUnityClass":true},{"assemblyName":"Unity.Robotics.ROSTCPConnector.Messages","nameSpace":"RosMessageTypes.Sensor","className":"JoyFeedbackMsg","methodName":"Register","loadTypes":0,"isUnityClass":true},{"assemblyName":"Unity.Robotics.ROSTCPConnector.Messages","nameSpace":"RosMessageTypes.Sensor","className":"JoyFeedbackArrayMsg","methodName":"Register","loadTypes":0,"isUnityClass":true},{"assemblyName":"Unity.Robotics.ROSTCPConnector.Messages","nameSpace":"RosMessageTypes.Sensor","className":"LaserEchoMsg","methodName":"Register","loadTypes":0,"isUnityClass":true},{"assemblyName":"Unity.Robotics.ROSTCPConnector.Messages","nameSpace":"RosMessageTypes.Sensor","className":"LaserScanMsg","methodName":"Register","loadTypes":0,"isUnityClass":true},{"assemblyName":"Unity.Robotics.ROSTCPConnector.Messages","nameSpace":"RosMessageTypes.Sensor","className":"MagneticFieldMsg","methodName":"Register","loadTypes":0,"isUnityClass":true},{"assemblyName":"Unity.Robotics.ROSTCPConnector.Messages","nameSpace":"RosMessageTypes.Sensor","className":"MultiDOFJointStateMsg","methodName":"Register","loadTypes":0,"isUnityClass":true},{"assemblyName":"Unity.Robotics.ROSTCPConnector.Messages","nameSpace":"RosMessageTypes.Sensor","className":"MultiEchoLaserScanMsg","methodName":"Register","loadTypes":0,"isUnityClass":true},{"assemblyName":"Unity.Robotics.ROSTCPConnector.Messages","nameSpace":"RosMessageTypes.Sensor","className":"NavSatFixMsg","methodName":"Register","loadTypes":0,"isUnityClass":true},{"assemblyName":"Unity.Robotics.ROSTCPConnector.Messages","nameSpace":"RosMessageTypes.Sensor","className":"NavSatStatusMsg","methodName":"Register","loadTypes":0,"isUnityClass":true},{"assemblyName":"Unity.Robotics.ROSTCPConnector.Messages","nameSpace":"RosMessageTypes.Sensor","className":"PointCloudMsg","methodName":"Register","loadTypes":0,"isUnityClass":true},{"assemblyName":"Unity.Robotics.ROSTCPConnector.Messages","nameSpace":"RosMessageTypes.Sensor","className":"PointCloud2Msg","methodName":"Register","loadTypes":0,"isUnityClass":true},{"assemblyName":"Unity.Robotics.ROSTCPConnector.Messages","nameSpace":"RosMessageTypes.Sensor","className":"PointFieldMsg","methodName":"Register","loadTypes":0,"isUnityClass":true},{"assemblyName":"Unity.Robotics.ROSTCPConnector.Messages","nameSpace":"RosMessageTypes.Sensor","className":"RangeMsg","methodName":"Register","loadTypes":0,"isUnityClass":true},{"assemblyName":"Unity.Robotics.ROSTCPConnector.Messages","nameSpace":"RosMessageTypes.Sensor","className":"RegionOfInterestMsg","methodName":"Register","loadTypes":0,"isUnityClass":true},{"assemblyName":"Unity.Robotics.ROSTCPConnector.Messages","nameSpace":"RosMessageTypes.Sensor","className":"RelativeHumidityMsg","methodName":"Register","loadTypes":0,"isUnityClass":true},{"assemblyName":"Unity.Robotics.ROSTCPConnector.Messages","nameSpace":"RosMessageTypes.Sensor","className":"TemperatureMsg","methodName":"Register","loadTypes":0,"isUnityClass":true},{"assemblyName":"Unity.Robotics.ROSTCPConnector.Messages","nameSpace":"RosMessageTypes.Sensor","className":"TimeReferenceMsg","methodName":"Register","loadTypes":0,"isUnityClass":true},{"assemblyName":"Unity.Robotics.ROSTCPConnector.Messages","nameSpace":"RosMessageTypes.Sensor","className":"SetCameraInfoRequest","methodName":"Register","loadTypes":0,"isUnityClass":true},{"assemblyName":"Unity.Robotics.ROSTCPConnector.Messages","nameSpace":"RosMessageTypes.Sensor","className":"SetCameraInfoResponse","methodName":"Register","loadTypes":0,"isUnityClass":true},{"assemblyName":"Unity.Robotics.ROSTCPConnector.Messages","nameSpace":"RosMessageTypes.Geometry","className":"AccelMsg","methodName":"Register","loadTypes":0,"isUnityClass":true},{"assemblyName":"Unity.Robotics.ROSTCPConnector.Messages","nameSpace":"RosMessageTypes.Geometry","className":"AccelStampedMsg","methodName":"Register","loadTypes":0,"isUnityClass":true},{"assemblyName":"Unity.Robotics.ROSTCPConnector.Messages","nameSpace":"RosMessageTypes.Geometry","className":"AccelWithCovarianceMsg","methodName":"Register","loadTypes":0,"isUnityClass":true},{"assemblyName":"Unity.Robotics.ROSTCPConnector.Messages","nameSpace":"RosMessageTypes.Geometry","className":"AccelWithCovarianceStampedMsg","methodName":"Register","loadTypes":0,"isUnityClass":true},{"assemblyName":"Unity.Robotics.ROSTCPConnector.Messages","nameSpace":"RosMessageTypes.Geometry","className":"InertiaMsg","methodName":"Register","loadTypes":0,"isUnityClass":true},{"assemblyName":"Unity.Robotics.ROSTCPConnector.Messages","nameSpace":"RosMessageTypes.Geometry","className":"InertiaStampedMsg","methodName":"Register","loadTypes":0,"isUnityClass":true},{"assemblyName":"Unity.Robotics.ROSTCPConnector.Messages","nameSpace":"RosMessageTypes.Geometry","className":"Point32Msg","methodName":"Register","loadTypes":0,"isUnityClass":true},{"assemblyName":"Unity.Robotics.ROSTCPConnector.Messages","nameSpace":"RosMessageTypes.Geometry","className":"PointMsg","methodName":"Register","loadTypes":0,"isUnityClass":true},{"assemblyName":"Unity.Robotics.ROSTCPConnector.Messages","nameSpace":"RosMessageTypes.Geometry","className":"PointStampedMsg","methodName":"Register","loadTypes":0,"isUnityClass":true},{"assemblyName":"Unity.Robotics.ROSTCPConnector.Messages","nameSpace":"RosMessageTypes.Geometry","className":"PolygonMsg","methodName":"Register","loadTypes":0,"isUnityClass":true},{"assemblyName":"Unity.Robotics.ROSTCPConnector.Messages","nameSpace":"RosMessageTypes.Geometry","className":"PolygonStampedMsg","methodName":"Register","loadTypes":0,"isUnityClass":true},{"assemblyName":"Unity.Robotics.ROSTCPConnector.Messages","nameSpace":"RosMessageTypes.Geometry","className":"Pose2DMsg","methodName":"Register","loadTypes":0,"isUnityClass":true},{"assemblyName":"Unity.Robotics.ROSTCPConnector.Messages","nameSpace":"RosMessageTypes.Geometry","className":"PoseArrayMsg","methodName":"Register","loadTypes":0,"isUnityClass":true},{"assemblyName":"Unity.Robotics.ROSTCPConnector.Messages","nameSpace":"RosMessageTypes.Geometry","className":"PoseMsg","methodName":"Register","loadTypes":0,"isUnityClass":true},{"assemblyName":"Unity.Robotics.ROSTCPConnector.Messages","nameSpace":"RosMessageTypes.Geometry","className":"PoseStampedMsg","methodName":"Register","loadTypes":0,"isUnityClass":true},{"assemblyName":"Unity.Robotics.ROSTCPConnector.Messages","nameSpace":"RosMessageTypes.Geometry","className":"PoseWithCovarianceMsg","methodName":"Register","loadTypes":0,"isUnityClass":true},{"assemblyName":"Unity.Robotics.ROSTCPConnector.Messages","nameSpace":"RosMessageTypes.Geometry","className":"PoseWithCovarianceStampedMsg","methodName":"Register","loadTypes":0,"isUnityClass":true},{"assemblyName":"Unity.Robotics.ROSTCPConnector.Messages","nameSpace":"RosMessageTypes.Geometry","className":"QuaternionMsg","methodName":"Register","loadTypes":0,"isUnityClass":true},{"assemblyName":"Unity.Robotics.ROSTCPConnector.Messages","nameSpace":"RosMessageTypes.Geometry","className":"QuaternionStampedMsg","methodName":"Register","loadTypes":0,"isUnityClass":true},{"assemblyName":"Unity.Robotics.ROSTCPConnector.Messages","nameSpace":"RosMessageTypes.Geometry","className":"TransformMsg","methodName":"Register","loadTypes":0,"isUnityClass":true},{"assemblyName":"Unity.Robotics.ROSTCPConnector.Messages","nameSpace":"RosMessageTypes.Geometry","className":"TransformStampedMsg","methodName":"Register","loadTypes":0,"isUnityClass":true},{"assemblyName":"Unity.Robotics.ROSTCPConnector.Messages","nameSpace":"RosMessageTypes.Geometry","className":"TwistMsg","methodName":"Register","loadTypes":0,"isUnityClass":true},{"assemblyName":"Unity.Robotics.ROSTCPConnector.Messages","nameSpace":"RosMessageTypes.Geometry","className":"TwistStampedMsg","methodName":"Register","loadTypes":0,"isUnityClass":true},{"assemblyName":"Unity.Robotics.ROSTCPConnector.Messages","nameSpace":"RosMessageTypes.Geometry","className":"TwistWithCovarianceMsg","methodName":"Register","loadTypes":0,"isUnityClass":true},{"assemblyName":"Unity.Robotics.ROSTCPConnector.Messages","nameSpace":"RosMessageTypes.Geometry","className":"TwistWithCovarianceStampedMsg","methodName":"Register","loadTypes":0,"isUnityClass":true},{"assemblyName":"Unity.Robotics.ROSTCPConnector.Messages","nameSpace":"RosMessageTypes.Geometry","className":"Vector3Msg","methodName":"Register","loadTypes":0,"isUnityClass":true},{"assemblyName":"Unity.Robotics.ROSTCPConnector.Messages","nameSpace":"RosMessageTypes.Geometry","className":"Vector3StampedMsg","methodName":"Register","loadTypes":0,"isUnityClass":true},{"assemblyName":"Unity.Robotics.ROSTCPConnector.Messages","nameSpace":"RosMessageTypes.Geometry","className":"WrenchMsg","methodName":"Register","loadTypes":0,"isUnityClass":true},{"assemblyName":"Unity.Robotics.ROSTCPConnector.Messages","nameSpace":"RosMessageTypes.Geometry","className":"WrenchStampedMsg","methodName":"Register","loadTypes":0,"isUnityClass":true},{"assemblyName":"Unity.Robotics.ROSTCPConnector.Messages","nameSpace":"RosMessageTypes.Diagnostic","className":"DiagnosticArrayMsg","methodName":"Register","loadTypes":0,"isUnityClass":true},{"assemblyName":"Unity.Robotics.ROSTCPConnector.Messages","nameSpace":"RosMessageTypes.Diagnostic","className":"DiagnosticStatusMsg","methodName":"Register","loadTypes":0,"isUnityClass":true},{"assemblyName":"Unity.Robotics.ROSTCPConnector.Messages","nameSpace":"RosMessageTypes.Diagnostic","className":"KeyValueMsg","methodName":"Register","loadTypes":0,"isUnityClass":true},{"assemblyName":"Unity.Robotics.ROSTCPConnector.Messages","nameSpace":"RosMessageTypes.Diagnostic","className":"AddDiagnosticsRequest","methodName":"Register","loadTypes":0,"isUnityClass":true},{"assemblyName":"Unity.Robotics.ROSTCPConnector.Messages","nameSpace":"RosMessageTypes.Diagnostic","className":"AddDiagnosticsResponse","methodName":"Register","loadTypes":0,"isUnityClass":true},{"assemblyName":"Unity.Robotics.ROSTCPConnector.Messages","nameSpace":"RosMessageTypes.Diagnostic","className":"SelfTestRequest","methodName":"Register","loadTypes":0,"isUnityClass":true},{"assemblyName":"Unity.Robotics.ROSTCPConnector.Messages","nameSpace":"RosMessageTypes.Diagnostic","className":"SelfTestResponse","methodName":"Register","loadTypes":0,"isUnityClass":true},{"assemblyName":"Unity.Robotics.ROSTCPConnector.Messages","nameSpace":"RosMessageTypes.Actionlib","className":"GoalIDMsg","methodName":"Register","loadTypes":0,"isUnityClass":true},{"assemblyName":"Unity.Robotics.ROSTCPConnector.Messages","nameSpace":"RosMessageTypes.Actionlib","className":"GoalStatusArrayMsg","methodName":"Register","loadTypes":0,"isUnityClass":true},{"assemblyName":"Unity.Robotics.ROSTCPConnector.Messages","nameSpace":"RosMessageTypes.Actionlib","className":"GoalStatusMsg","methodName":"Register","loadTypes":0,"isUnityClass":true},{"assemblyName":"Unity.VisualScripting.Core","nameSpace":"Unity.VisualScripting","className":"RuntimeVSUsageUtility","methodName":"RuntimeInitializeOnLoadBeforeSceneLoad","loadTypes":1,"isUnityClass":true}]}
